epoch,steps,cosine_pearson,cosine_spearman,euclidean_pearson,euclidean_spearman,manhattan_pearson,manhattan_spearman,dot_pearson,dot_spearman
0,-1,0.8731064806524368,0.5368145751466672,0.8612469793448273,0.5374013106599662,0.8600181056810791,0.5376201483890762,0.8738831374440215,0.5367680577908645
1,-1,0.9004855746620589,0.5406711950155496,0.8890300684961855,0.5407959405537346,0.8892368736851078,0.5407451954035336,0.901355810676674,0.5406373654203437
2,-1,0.9070177049072631,0.5399121355766238,0.8803315701046002,0.5399079028362742,0.880487821571536,0.5396393770080253,0.9091323418344269,0.5399142518780404
3,-1,0.9166909640021045,0.5415232862837372,0.870457747379735,0.5414894555855965,0.8698803194823528,0.5415232855938721,0.9192606240086154,0.5415275154486995
4,-1,0.916944253392631,0.5418467853241182,0.8701049635775149,0.5418637000521451,0.8692922477185403,0.5418806150562829,0.9192834533190978,0.5418488996996366
